campaign_id,channel,campaign_name,objective,spend,impressions,clicks,leads,conversions,new_customers,revenue,cogs,ctr,cpc,cpl,cpa,cvr,cac,roas,gross_profit,profit,profit_margin
EM01,Email,Welcome Series,Acquisition,23495.39,195727,5862,2617,419,419,252664.98,135518.72,0.029949879168433585,4.008084271579666,8.9779862437906,56.074916467780426,0.07147731149778233,56.074916467780426,10.753810853959012,117146.26000000001,93650.87000000001,0.37065235554210957
EM02,Email,Newsletter,Retention,60363.52,1996163,49743,14979,1815,183,1100808.39,576619.23,0.02491930769180673,1.213507830247472,4.029876493757928,33.25813774104683,0.03648754598636994,329.85530054644806,18.236318723626454,524189.1599999999,463825.6399999999,0.4213500225956671
EM03,Email,Winback,Retention,40925.59,1405166,27476,1378,536,0,291886.72000000003,167223.4,0.01955356164325069,1.4895032027951665,29.699267053701014,76.35371268656716,0.019507934197117483,,7.1321322429316245,124663.32000000004,83737.73000000004,0.28688434335073565
GG01,Google,Search - Brand,Acquisition,123638.56999999999,319512,25448,6431,2859,901,1888539.51,923953.86,0.07964646085280053,4.858478858849418,19.225403514227956,43.24538999650227,0.11234674630619303,137.22371809100997,15.274679333479837,964585.65,840947.0800000001,0.4452896407764326
GG02,Google,Search - Generic,Acquisition,437803.85,956953,33224,6644,1173,1173,821553.09,421747.75,0.034718528496174836,13.177337165904165,65.89461920529801,373.23431372549015,0.03530580303395136,373.23431372549015,1.876532355757036,399805.33999999997,-37998.51000000001,-0.04625204440531045
GG03,Google,Shopping,Acquisition,186966.81,1855867,22337,3397,1054,1054,764374.9,412104.92,0.012035884036948769,8.370273984868156,55.03880188401531,177.3878652751423,0.04718628284908448,177.3878652751423,4.088291927321218,352269.98000000004,165303.17000000004,0.21625928585567114
MT01,Meta,Prospecting,Acquisition,276992.81,4429994,39395,4754,1023,1023,550567.2,292969.49,0.008892788568110927,7.03116664551339,58.26521034917964,270.7652101661779,0.02596776240639675,270.7652101661779,1.9876588132377875,257597.70999999996,-19395.100000000035,-0.035227489033128084
MT02,Meta,Lookalike,Acquisition,202785.24,2424642,26498,3993,895,895,519775.37,273480.48,0.010928623689600361,7.652850781191033,50.78518407212622,226.57568715083798,0.033776134047852666,226.57568715083798,2.5631814721820976,246294.89,43509.65000000002,0.08370856433616704
MT03,Meta,Retargeting,Retargeting,174498.53,3827100,57503,5864,2694,517,1435298.72,795828.83,0.01502521491468736,3.0345987165887,29.757593792633013,64.77302524127691,0.046849729579326295,337.521334622824,8.225276854767774,639469.89,464971.36,0.3239544169592794
OR01,Organic,SEO,Organic,0.0,3514153,104740,18889,3459,1331,2258593.81,1113560.81,0.029805190610653547,0.0,0.0,0.0,0.03302463242314302,0.0,,1145033.0,1145033.0,0.506967208946703
OR02,Organic,Social Organic,Organic,0.0,7900346,78939,9535,1816,520,1084319.92,542039.3,0.009991840863678629,0.0,0.0,0.0,0.023005105207818694,0.0,,542280.6199999999,542280.6199999999,0.500111277121977
TT01,TikTok,Spark Ads,Acquisition,153510.42,1058681,23244,2081,1215,1215,413949.54,254661.27,0.021955622137357713,6.604303045947342,73.76762133589621,126.34602469135804,0.052271553949406295,126.34602469135804,2.6965566246252206,159288.27,5777.849999999977,0.013957860660987755
TT02,TikTok,Influencer Collab,Acquisition,134413.87,1067929,16044,1612,716,716,259690.36,152021.08,0.015023470661439104,8.377827848416853,83.383294044665,187.7288687150838,0.04462727499376714,187.7288687150838,1.9320205571047095,107669.28,-26744.589999999997,-0.10298645664013095
