month,channel,spend,impressions,clicks,leads,conversions,new_customers,revenue,cogs,ctr,cpc,cpl,cpa,cvr,cac,roas,gross_profit,profit,profit_margin
2025-01-01,Email,3764.17,87494,2102,554,57,42,37139.23,20007.079999999998,0.024024504537453997,1.790756422454805,6.794530685920578,66.03807017543859,0.027117031398667935,89.62309523809525,9.866512405125167,17132.150000000005,13367.980000000005,0.3599423035964936
2025-01-01,Google,50751.5,210538,4875,925,229,215,166018.1,85526.21,0.023154964899448082,10.410564102564102,54.86648648648649,221.62227074235807,0.046974358974358976,236.05348837209303,3.271195925243589,80491.89,29740.39,0.1791394432293828
2025-01-01,Meta,39901.48,624585,6443,825,194,180,107941.14,58041.82,0.010315649591328642,6.19299705106317,48.36543030303031,205.6777319587629,0.03011019711314605,221.67488888888892,2.7051913863846653,49899.32,9997.839999999997,0.09262307216692353
2025-01-01,Organic,0.0,374557,6024,936,162,143,106509.02,52865.01,0.01608299938327144,0.0,0.0,0.0,0.026892430278884463,0.0,,53644.01,53644.01,0.5036569672690632
2025-01-01,TikTok,21119.64,154809,2806,264,130,130,44574.12,26859.21,0.01812556117538386,7.526600142551675,79.99863636363636,162.45876923076924,0.04632929436920884,162.45876923076924,2.1105530207901273,17714.910000000003,-3404.729999999996,-0.0763835606849893
2025-02-01,Email,3497.94,80219,1944,541,58,36,37160.88,19849.579999999998,0.024233660354778794,1.7993518518518519,6.465693160813308,60.30931034482759,0.029835390946502057,97.165,10.623647060841522,17311.3,13813.359999999999,0.3717177849394309
2025-02-01,Google,43661.06,181497,4430,882,233,196,162275.34,83298.85,0.024408116938571988,9.855769751693002,49.502335600907024,187.38652360515022,0.052595936794582396,222.7605102040816,3.7167063740550503,78976.48999999999,35315.42999999999,0.217626596869247
2025-02-01,Meta,38196.67,600794,6434,790,210,165,117982.0,63631.549999999996,0.010709161542891574,5.936691016474977,48.35021518987342,181.88890476190474,0.03263910475598383,231.4949696969697,3.0888032909675114,54350.450000000004,16153.780000000006,0.13691732637181947
2025-02-01,Organic,0.0,450963,7502,1181,210,139,134868.06,67234.07,0.016635511117320045,0.0,0.0,0.0,0.027992535323913624,0.0,,67633.98999999999,67633.98999999999,0.5014826342130226
2025-02-01,TikTok,18090.69,137096,2639,238,124,124,42217.76,25389.98,0.019249285172433916,6.855130731337628,76.0113025210084,145.89266129032256,0.04698749526335733,145.89266129032256,2.3336732871991064,16827.780000000002,-1262.9099999999962,-0.02991418777310772
2025-03-01,Email,5418.58,127531,3141,916,107,50,63114.73,33404.43,0.024629305815840854,1.7251130213307864,5.915480349344978,50.640934579439254,0.03406558420885068,108.3716,11.647835779853763,29710.300000000003,24291.72,0.3848819443575216
2025-03-01,Google,56041.58,251486,5648,1105,298,238,205450.03,105908.68,0.02245850663655233,9.922376062322947,50.716361990950226,188.0589932885906,0.05276203966005666,235.46882352941176,3.6660285095459475,99541.35,43499.770000000004,0.21172919760586068
2025-03-01,Meta,44961.09,675941,7427,899,242,182,133541.17,71730.02,0.010987645371415552,6.053735020869799,50.01233592880978,185.78962809917354,0.032583815807189984,247.03895604395603,2.9701497450350964,61811.15000000001,16850.060000000012,0.12617876569450462
2025-03-01,Organic,0.0,553818,8901,1385,242,132,156829.02,77293.42,0.016072066996739,0.0,0.0,0.0,0.027187956409392203,0.0,,79535.59999999999,79535.59999999999,0.5071484856565449
2025-03-01,TikTok,25472.29,186648,3334,310,160,160,53384.69,32013.53,0.017862500535767864,7.640158968206359,82.16867741935484,159.20181250000002,0.04799040191961608,159.20181250000002,2.095794685126465,21371.160000000003,-4101.129999999997,-0.07682221251074038
2025-04-01,Email,8484.06,216078,5172,1320,188,75,120138.08,63966.8,0.02393580096076417,1.64038283062645,6.4273181818181815,45.127978723404254,0.03634957463263728,113.12079999999999,14.160446767231727,56171.28,47687.22,0.3969367581036754
2025-04-01,Google,55154.99,228448,5675,1127,338,246,226902.25,115511.67,0.024841539431292897,9.718940969162995,48.939653948535934,163.18044378698224,0.059559471365638765,224.2072764227642,4.113902477364242,111390.58,56235.590000000004,0.24784060096363084
2025-04-01,Meta,47698.31,742268,7989,980,271,191,147657.76,79664.55,0.010762958931275496,5.970498185004381,48.67174489795918,176.00852398523983,0.033921642258104893,249.72937172774868,3.0956602026361106,67993.21,20294.90000000001,0.13744553621834713
2025-04-01,Organic,0.0,706564,11617,1798,335,159,212769.26,105746.75,0.016441539619907044,0.0,0.0,0.0,0.028837049152104673,0.0,,107022.51000000001,107022.51000000001,0.5029979894652076
2025-04-01,TikTok,23288.72,165897,3107,295,157,157,55631.270000000004,33619.07,0.0187284881583151,7.495564853556486,78.94481355932204,148.33579617834397,0.05053105889925973,148.33579617834397,2.3887646036364387,22012.200000000004,-1276.5199999999968,-0.022946087694924035
2025-05-01,Email,7823.24,205150,4991,1212,166,45,95450.74,50374.76,0.02432854009261516,1.5674694450010018,6.454818481848185,47.12795180722892,0.03325986776197155,173.84977777777777,12.200921868688678,45075.98,37252.740000000005,0.3902823592567224
2025-05-01,Google,64058.56,262966,6768,1344,390,279,256736.92,130196.1,0.025737167542572045,9.464917257683215,47.662619047619046,164.25271794871793,0.057624113475177305,229.6005734767025,4.007847194816743,126540.82,62482.26000000001,0.24337076256893636
2025-05-01,Meta,55128.26,849709,9769,1201,360,237,194675.46,105054.57,0.011496877166182775,5.643183539768656,45.90196502914238,153.13405555555556,0.03685126420309141,232.60869198312238,3.531318782780374,89620.88999999998,34492.62999999998,0.17718016436175357
2025-05-01,Organic,0.0,773446,12671,1986,361,158,231353.88999999998,114609.11,0.01638252702838983,0.0,0.0,0.0,0.028490253334385606,0.0,,116744.77999999998,116744.77999999998,0.5046155912917651
2025-05-01,TikTok,26947.66,197930,3613,337,182,182,62992.83,38256.53,0.018253928156418936,7.458527539440908,79.9633827893175,148.06406593406592,0.050373650705784666,148.06406593406592,2.337599257226787,24736.300000000003,-2211.359999999997,-0.03510494765832868
2025-06-01,Email,9013.6,252918,5875,1344,194,39,115953.14,62102.409999999996,0.02322887259902419,1.5342297872340427,6.706547619047619,46.46185567010309,0.03302127659574468,231.11794871794874,12.864242921807046,53850.73,44837.130000000005,0.3866831894332487
2025-06-01,Google,52325.56,242959,6016,1216,373,227,254064.47,128340.17,0.024761379492013055,8.697732712765957,43.030888157894736,140.28300268096515,0.06200132978723404,230.50907488986783,4.855456300897687,125724.3,73398.74,0.28889808952822094
2025-06-01,Meta,46154.78,750379,8813,1022,336,165,187571.43,102428.32,0.011744731662266668,5.237124702144559,45.161232876712326,137.36541666666668,0.03812549642573471,279.72593939393937,4.063965422432953,85143.10999999999,38988.32999999999,0.20785857419757364
2025-06-01,Organic,0.0,840680,13709,2093,401,138,246123.94,121471.25,0.016307037160393965,0.0,0.0,0.0,0.02925085710117441,0.0,,124652.69,124652.69,0.5064630852244605
2025-06-01,TikTok,20797.46,152406,2858,275,133,133,44112.2,26373.92,0.018752542550818208,7.276927921623512,75.62712727272726,156.37187969924813,0.046536039188243526,156.37187969924813,2.1210378575075994,17738.28,-3059.1800000000003,-0.06934997574367183
2025-07-01,Email,10818.210000000001,328053,7354,1640,235,40,139198.77,75043.54,0.022417109430488365,1.4710647266793584,6.596469512195123,46.03493617021277,0.031955398422627145,270.45525000000004,12.867079673994125,64155.229999999996,53337.02,0.38317163291026207
2025-07-01,Google,59864.8,250151,6610,1374,421,244,286793.05,144749.24,0.02642403987991253,9.056701966717096,43.56972343522562,142.19667458432303,0.06369137670196671,245.34754098360656,4.790679163715572,142043.81,82179.01,0.286544635583045
2025-07-01,Meta,49131.59,828096,9632,1140,355,171,200778.02,110209.08,0.011631501661643095,5.100871054817276,43.09788596491228,138.39884507042254,0.036856312292358806,287.31923976608186,4.086536177640496,90568.93999999999,41437.34999999999,0.20638389600614646
2025-07-01,Organic,0.0,969668,15622,2429,432,121,280874.54,139559.95,0.016110668806230587,0.0,0.0,0.0,0.0276533094354116,0.0,,141314.58999999997,141314.58999999997,0.5031235298151266
2025-07-01,TikTok,21129.74,159093,2919,274,142,142,51605.1,31142.88,0.018347758858026437,7.238691332648168,77.1158394160584,148.80098591549296,0.048646796848235696,148.80098591549296,2.4422969709991698,20462.219999999998,-667.5200000000041,-0.01293515563384247
2025-08-01,Email,11569.42,325560,7489,1663,253,46,137305.59,73341.82,0.023003440226071998,1.5448551208439043,6.956957306073361,45.72893280632411,0.033782881559620774,251.5091304347826,11.86797523125619,63963.76999999999,52394.34999999999,0.38158934388614474
2025-08-01,Google,65226.5,255588,6778,1377,427,237,292419.87,147344.04,0.026519241904940764,9.623266450280319,47.368554829339146,152.7552693208431,0.06299793449395102,275.21729957805906,4.483145194054564,145075.83,79849.32999999999,0.27306396791709125
2025-08-01,Meta,48140.15,800439,9861,1132,384,156,197272.72,107616.34,0.012319489680038079,4.881873035189129,42.52663427561838,125.36497395833334,0.03894128384545178,308.5907051282051,4.097883367625569,89656.38,41516.23,0.2104509432424311
2025-08-01,Organic,0.0,1073182,17320,2716,505,141,313162.8,155160.78,0.01613892145041568,0.0,0.0,0.0,0.02915704387990762,0.0,,158002.02,158002.02,0.5045363625564722
2025-08-01,TikTok,22600.61,165372,3044,301,140,140,54058.34,33094.6,0.018406985463077185,7.424641918528253,75.08508305647841,161.43292857142856,0.045992115637319315,161.43292857142856,2.3918973868404434,20963.739999999998,-1636.8700000000026,-0.030279694123053032
2025-09-01,Email,13825.77,411695,9671,2190,323,50,192063.53,103180.34,0.02349069092410644,1.4296112087684831,6.31313698630137,42.804241486068115,0.03339882121807466,276.5154,13.891705850741044,88883.19,75057.42,0.39079475421492044
2025-09-01,Google,60728.51,251768,6892,1459,462,243,319849.96,160753.47,0.027374408185313462,8.811449506674405,41.62337902673064,131.44699134199135,0.06703424260011608,249.91156378600823,5.266883050481561,159096.49000000002,98367.98000000001,0.3075441372573566
2025-09-01,Meta,55098.53,953059,11194,1285,437,193,232083.55,126782.02,0.01174533790667734,4.922148472395926,42.878233463035016,126.08359267734554,0.03903877077005539,285.48461139896375,4.212155024825526,105301.52999999998,50202.999999999985,0.21631434024514012
2025-09-01,Organic,0.0,1142955,18764,2890,542,132,338842.4,166929.58,0.016417094286301736,0.0,0.0,0.0,0.02888509912598593,0.0,,171912.82000000004,171912.82000000004,0.5073533300437018
2025-09-01,TikTok,22612.26,168545,3141,289,156,156,52056.44,31274.78,0.018635972588922838,7.199063992359121,78.2431141868512,144.9503846153846,0.049665711556829036,144.9503846153846,2.302133444423512,20781.660000000003,-1830.599999999995,-0.03516567786809845
2025-10-01,Email,16410.61,496690,11304,2436,374,60,221366.25,118148.73,0.02275866234472206,1.4517524769992924,6.736703612479475,43.87863636363637,0.03308563340410474,273.5101666666667,13.489215208941044,103217.52,86806.91,0.3921415753304761
2025-10-01,Google,64072.36,258457,7454,1572,531,265,362665.46,182278.63,0.028840387375849756,8.595701636705124,40.75849872773537,120.66357815442561,0.07123691977461766,241.78249056603775,5.660248194385224,180386.83000000002,116314.47000000002,0.32072111306105633
2025-10-01,Meta,64261.4,1098421,13080,1503,510,214,268915.18,146267.11,0.011908002487206635,4.9129510703363914,42.75542248835662,126.00274509803921,0.0389908256880734,300.28691588785045,4.184707771694983,122648.07,58386.670000000006,0.21711927902322214
2025-10-01,Organic,0.0,1324185,20851,3145,621,165,410268.79,204058.3,0.01574628922695847,0.0,0.0,0.0,0.02978274423289051,0.0,,206210.49,206210.49,0.5026229024147804
2025-10-01,TikTok,20250.5,151793,2794,258,140,140,50954.81,30806.29,0.018406645892761853,7.247852541159628,78.49031007751938,144.64642857142857,0.05010737294201861,144.64642857142857,2.5162247845732204,20148.519999999997,-101.9800000000032,-0.0020013812238727454
2025-11-01,Email,15489.54,475470,10968,2523,381,66,232523.79,123804.68,0.02306770143226702,1.4122483588621444,6.139334126040429,40.65496062992126,0.034737417943107224,234.69000000000003,15.011665291545132,108719.11000000002,93229.57,0.40094637198198085
2025-11-01,Google,95856.21,420114,10839,2233,738,424,498802.95,251415.36000000002,0.02580013996201031,8.843639634652645,42.927098074339455,129.88646341463416,0.06808746194298367,226.0759669811321,5.203658166747882,247387.59,151531.38,0.30379006379172374
2025-11-01,Meta,89635.83,1497482,17014,2035,670,348,369316.08,201449.77,0.011361739239603548,5.268357235218056,44.04709090909091,133.7848208955224,0.03937933466556953,257.574224137931,4.1201836363873685,167866.31000000003,78230.48000000003,0.21182527443700805
2025-11-01,Organic,0.0,1454163,23793,3774,695,236,434505.87,215012.80000000002,0.01636198968066166,0.0,0.0,0.0,0.029210271928718532,0.0,,219493.06999999998,219493.06999999998,0.5051555920291709
2025-11-01,TikTok,37245.7,279760,5164,484,273,273,96790.55,58568.15,0.0184586788676008,7.212567776917118,76.9539256198347,136.4311355311355,0.05286599535243997,136.4311355311355,2.598704011469781,38222.4,976.7000000000044,0.010090861142952533
2025-12-01,Email,18669.36,590198,13070,2635,434,53,253945.36,136137.18,0.022145110623892322,1.4284131599081866,7.085146110056926,43.01695852534562,0.033205814843152257,352.2520754716981,13.602253103480782,117808.18,99138.81999999999,0.3903942958437988
2025-12-01,Google,80667.6,318360,9024,1858,646,314,442489.1,222484.11,0.028345269506219375,8.939228723404256,43.41636167922498,124.87244582043344,0.07158687943262411,256.9031847133758,5.485338599388106,220004.99,139337.38999999998,0.3148945137857633
2025-12-01,Meta,75968.49,1260563,15740,1799,643,233,347906.78,189403.65,0.012486484213799706,4.826460609911055,42.228176764869374,118.14695178849145,0.04085133418043202,326.0450214592275,4.579619523831526,158503.13000000003,82534.64000000003,0.23723205394272576
2025-12-01,Organic,0.0,1750318,26905,4091,769,187,476806.14,235659.09,0.015371492494506712,0.0,0.0,0.0,0.02858204794647835,0.0,,241147.05000000002,241147.05000000002,0.5057549175016915
2025-12-01,TikTok,28369.02,207261,3869,368,194,194,65261.79,39283.41,0.018667284245468273,7.332390798655983,77.08972826086956,146.2320618556701,0.05014215559576118,146.2320618556701,2.300459797342312,25978.379999999997,-2390.640000000003,-0.036631541978851684
