campaign_id,new_customers,ltv,revenue_per_customer,repeat_rate,first_order_return_rate,spend,cac,ltv_cac,net_ltv,channel,campaign_name,objective
EM01,301,540.0653820598006,1134.826976744186,0.5249169435215947,0.04983388704318937,17104.01,56.82395348837209,9.504185275850517,483.24142857142857,Email,Welcome Series,Acquisition
EM02,128,537.605625,1127.586953125,0.453125,0.0625,35612.6,278.2234375,1.9322801480374925,259.38218750000004,Email,Newsletter,Retention
GG01,615,519.9493983739837,1048.9886991869919,0.367479674796748,0.08130081300813008,74056.15,120.41650406504064,4.3179247098316615,399.5328943089431,Google,Search - Brand,Acquisition
GG02,806,477.102270471464,984.493076923077,0.3337468982630273,0.09429280397022333,307225.65,381.1732630272953,1.251667723707314,95.92900744416869,Google,Search - Generic,Acquisition
GG03,725,496.07615172413796,1062.4037379310344,0.34758620689655173,0.08689655172413793,131670.62,181.61464827586207,2.731476543514415,314.4615034482759,Google,Shopping,Acquisition
MT01,680,403.61682352941176,841.5898382352941,0.35441176470588237,0.1,186490.87,274.2512794117647,1.4717044325011728,129.36554411764706,Meta,Prospecting,Acquisition
MT02,618,445.8156148867314,924.736779935275,0.40129449838187703,0.11326860841423948,140928.95,228.04037216828482,1.954985473176377,217.77524271844658,Meta,Lookalike,Acquisition
MT03,351,414.95170940170937,898.6413105413105,0.4188034188034188,0.1339031339031339,101437.54,288.99584045584044,1.435839729551801,125.95586894586893,Meta,Retargeting,Retargeting
OR01,944,544.0475,1101.3660063559323,0.4194915254237288,0.0635593220338983,0.0,0.0,,544.0475,Organic,SEO,Organic
OR02,331,403.9826888217522,798.3646525679759,0.3685800604229607,0.11782477341389729,0.0,0.0,,403.9826888217522,Organic,Social Organic,Organic
TT01,840,181.30834523809526,437.69520238095237,0.19404761904761905,0.19285714285714287,108077.37,128.6635357142857,1.4091665072901018,52.644809523809556,TikTok,Spark Ads,Acquisition
TT02,500,213.67682000000002,484.10224,0.256,0.182,96189.31999999999,192.37864,1.110709692094715,21.29818000000003,TikTok,Influencer Collab,Acquisition
