acquisition_channel,segment,customers,ltv,repeat_rate,cac,net_ltv,ltv_cac
Email,18-24 | Cosmetics,20,329.3435,0.5,176.26801864801863,153.07548135198138,1.8684245873192156
Email,18-24 | Fashion,25,422.496,0.28,176.26801864801863,246.22798135198136,2.396895382614259
Email,25-34 | Cosmetics,62,456.25870967741935,0.6290322580645161,176.26801864801863,279.99069102940075,2.5884372739702775
Email,25-34 | Fashion,78,578.250641025641,0.4358974358974359,176.26801864801863,401.9826223776224,3.2805193220009055
Email,35-44 | Cosmetics,73,470.63904109589043,0.5753424657534246,176.26801864801863,294.37102244787184,2.6700194664109067
Email,35-44 | Fashion,69,802.0957971014493,0.5652173913043478,176.26801864801863,625.8277784534307,4.550432933061538
Email,45+ | Cosmetics,51,417.245294117647,0.5098039215686274,176.26801864801863,240.97727546962838,2.367107188915674
Email,45+ | Fashion,51,585.3249019607844,0.37254901960784315,176.26801864801863,409.05688331276576,3.3206528697051523
Google,18-24 | Cosmetics,98,264.45367346938775,0.3469387755102041,239.02722273998134,25.42645072940641,1.1063747067716458
Google,18-24 | Fashion,149,418.05093959731545,0.31543624161073824,239.02722273998134,179.0237168573341,1.7489678991588324
Google,25-34 | Cosmetics,255,363.05749019607845,0.4745098039215686,239.02722273998134,124.0302674560971,1.5188959903157966
Google,25-34 | Fashion,496,553.8861088709677,0.3387096774193548,239.02722273998134,314.85888613098643,2.317251158766532
Google,35-44 | Cosmetics,235,415.9314042553192,0.3872340425531915,239.02722273998134,176.90418151533785,1.740100560461173
Google,35-44 | Fashion,437,677.7102745995423,0.36384439359267734,239.02722273998134,438.68305185956103,2.835284896970791
Google,45+ | Cosmetics,181,337.8133701657459,0.32044198895027626,239.02722273998134,98.78614742576454,1.4132840866131224
Google,45+ | Fashion,295,520.0264745762712,0.23389830508474577,239.02722273998134,280.9992518362899,2.1755951837417555
Meta,18-24 | Cosmetics,169,244.54224852071005,0.38461538461538464,260.07117040630686,-15.528921885596816,0.9402897219967283
Meta,18-24 | Fashion,189,371.811164021164,0.31746031746031744,260.07117040630686,111.73999361485716,1.4296515966775047
Meta,25-34 | Cosmetics,357,405.3802240896358,0.49299719887955185,260.07117040630686,145.30905368332895,1.5587280337774998
Meta,25-34 | Fashion,336,494.25708333333336,0.3333333333333333,260.07117040630686,234.1859129270265,1.9004685623599107
Meta,35-44 | Cosmetics,214,382.14495327102804,0.4439252336448598,260.07117040630686,122.07378286472118,1.4693860633379947
Meta,35-44 | Fashion,192,600.9165624999999,0.3854166666666667,260.07117040630686,340.8453920936931,2.310585066238574
Meta,45+ | Cosmetics,109,298.34935779816516,0.23853211009174313,260.07117040630686,38.278187391858296,1.1471835087759117
Meta,45+ | Fashion,83,524.763734939759,0.3373493975903614,260.07117040630686,264.6925645334522,2.017769728647452
Organic,18-24 | Cosmetics,124,268.9097580645161,0.3790322580645161,0.0,268.9097580645161,
Organic,18-24 | Fashion,115,416.21086956521737,0.33043478260869563,0.0,416.21086956521737,
Organic,25-34 | Cosmetics,230,382.86378260869566,0.41739130434782606,0.0,382.86378260869566,
Organic,25-34 | Fashion,233,636.5218884120172,0.4592274678111588,0.0,636.5218884120172,
Organic,35-44 | Cosmetics,159,452.7859748427673,0.5031446540880503,0.0,452.7859748427673,
Organic,35-44 | Fashion,206,743.0640291262137,0.4174757281553398,0.0,743.0640291262137,
Organic,45+ | Cosmetics,93,349.2837634408602,0.26881720430107525,0.0,349.2837634408602,
Organic,45+ | Fashion,115,627.602,0.3391304347826087,0.0,627.602,
TikTok,18-24 | Cosmetics,542,177.7650922509225,0.2988929889298893,152.43782835820895,25.327263892713546,1.1661481547296633
TikTok,18-24 | Fashion,266,199.5756015037594,0.13533834586466165,152.43782835820895,47.137773145550455,1.309226218014487
TikTok,25-34 | Cosmetics,244,191.2857786885246,0.24180327868852458,152.43782835820895,38.847950330315655,1.2548445536696315
TikTok,25-34 | Fashion,146,232.30486301369865,0.13013698630136986,152.43782835820895,79.8670346554897,1.5239318580937313
TikTok,35-44 | Cosmetics,69,196.92478260869564,0.15942028985507245,152.43782835820895,44.48695425048669,1.291836709625305
TikTok,35-44 | Fashion,31,231.86612903225807,0.0,152.43782835820895,79.42830067404913,1.5210537405938571
TikTok,45+ | Cosmetics,29,185.02586206896552,0.13793103448275862,152.43782835820895,32.58803371075658,1.2137791784476157
TikTok,45+ | Fashion,13,228.46,0.0,152.43782835820895,76.02217164179106,1.498709358828892
