campaign_id,channel,campaign_name,cvr,conversions,spend,profit,new_customers,ltv,cac,ltv_cac,net_ltv,repeat_rate,quadrant
TT01,TikTok,Spark Ads,0.052271553949406295,1215,153510.42,5777.849999999977,840,181.30834523809526,128.6635357142857,1.4091665072901018,52.644809523809556,0.19404761904761905,Conversion trap
OR01,Organic,SEO,0.03302463242314302,3459,0.0,1145033.0,944,544.0475,0.0,,544.0475,0.4194915254237288,Hidden gem
EM02,Email,Newsletter,0.03648754598636994,1815,60363.52,463825.6399999999,128,537.605625,278.2234375,1.9322801480374925,259.38218750000004,0.453125,Hidden gem
GG02,Google,Search - Generic,0.03530580303395136,1173,437803.85,-37998.51000000001,806,477.102270471464,381.1732630272953,1.251667723707314,95.92900744416869,0.3337468982630273,Hidden gem
MT02,Meta,Lookalike,0.033776134047852666,895,202785.24,43509.65000000002,618,445.8156148867314,228.04037216828482,1.954985473176377,217.77524271844658,0.40129449838187703,Hidden gem
EM01,Email,Welcome Series,0.07147731149778233,419,23495.39,93650.87000000001,301,540.0653820598006,56.82395348837209,9.504185275850517,483.24142857142857,0.5249169435215947,Star
GG01,Google,Search - Brand,0.11234674630619303,2859,123638.56999999999,840947.0800000001,615,519.9493983739837,120.41650406504064,4.3179247098316615,399.5328943089431,0.367479674796748,Star
GG03,Google,Shopping,0.04718628284908448,1054,186966.81,165303.17000000004,725,496.07615172413796,181.61464827586207,2.731476543514415,314.4615034482759,0.34758620689655173,Star
MT03,Meta,Retargeting,0.046849729579326295,2694,174498.53,464971.36,351,414.95170940170937,288.99584045584044,1.435839729551801,125.95586894586893,0.4188034188034188,Underperformer
OR02,Organic,Social Organic,0.023005105207818694,1816,0.0,542280.6199999999,331,403.9826888217522,0.0,,403.9826888217522,0.3685800604229607,Underperformer
MT01,Meta,Prospecting,0.02596776240639675,1023,276992.81,-19395.100000000035,680,403.61682352941176,274.2512794117647,1.4717044325011728,129.36554411764706,0.35441176470588237,Underperformer
TT02,TikTok,Influencer Collab,0.04462727499376714,716,134413.87,-26744.589999999997,500,213.67682000000002,192.37864,1.110709692094715,21.29818000000003,0.256,Underperformer
